date,ticker,company,price,price_dollar
2025-08-29,PSA,Public Storage,103.09,1030.8999999999999
2025-08-29,UAL,United Airlines,98.409,984.09
2025-08-29,MDLZ,Mondelez,99.181,991.81
2025-08-29,CRM,Salesforce,88.555,885.5500000000001
2025-08-29,QCOM,Qualcomm,105.588,1055.8799999999999
2025-09-02,PSA,Public Storage,102.687,1026.87
2025-09-02,UAL,United Airlines,98.372,983.72
2025-09-02,MDLZ,Mondelez,98.709,987.09
2025-09-02,CRM,Salesforce,88.364,883.6400000000001
2025-09-02,QCOM,Qualcomm,105.206,1052.06
2025-09-03,PSA,Public Storage,103.091,1030.91
2025-09-03,UAL,United Airlines,98.304,983.0400000000001
2025-09-03,MDLZ,Mondelez,99.083,990.83
2025-09-03,CRM,Salesforce,88.572,885.72
2025-09-03,QCOM,Qualcomm,105.548,1055.48
2025-09-04,PSA,Public Storage,103.656,1036.5600000000002
2025-09-04,UAL,United Airlines,98.498,984.9800000000001
2025-09-04,MDLZ,Mondelez,99.589,995.89
2025-09-04,CRM,Salesforce,88.876,888.76
2025-09-04,QCOM,Qualcomm,106.096,1060.96
2025-09-05,PSA,Public Storage,104.116,1041.16
2025-09-05,UAL,United Airlines,98.62,986.2
2025-09-05,MDLZ,Mondelez,100.253,1002.53
2025-09-05,CRM,Salesforce,89.108,891.08
2025-09-05,QCOM,Qualcomm,106.569,1065.69
2025-09-08,PSA,Public Storage,104.388,1043.88
2025-09-08,UAL,United Airlines,98.696,986.9599999999999
2025-09-08,MDLZ,Mondelez,100.567,1005.6699999999998
2025-09-08,CRM,Salesforce,89.336,893.3599999999999
2025-09-08,QCOM,Qualcomm,106.982,1069.82
2025-09-09,PSA,Public Storage,104.144,1041.44
2025-09-09,UAL,United Airlines,98.812,988.12
2025-09-09,MDLZ,Mondelez,100.297,1002.9699999999999
2025-09-09,CRM,Salesforce,89.126,891.2600000000001
2025-09-09,QCOM,Qualcomm,106.768,1067.68
2025-09-10,PSA,Public Storage,104.393,1043.93
2025-09-10,UAL,United Airlines,98.816,988.1600000000001
2025-09-10,MDLZ,Mondelez,100.656,1006.5600000000002
2025-09-10,CRM,Salesforce,89.241,892.4100000000001
2025-09-10,QCOM,Qualcomm,107.13,1071.3
2025-09-11,PSA,Public Storage,104.593,1045.93
2025-09-11,UAL,United Airlines,98.916,989.16
2025-09-11,MDLZ,Mondelez,100.94,1009.4000000000001
2025-09-11,CRM,Salesforce,89.247,892.47
2025-09-11,QCOM,Qualcomm,107.312,1073.1200000000001
2025-09-12,PSA,Public Storage,104.332,1043.32
2025-09-12,UAL,United Airlines,98.857,988.5699999999999
2025-09-12,MDLZ,Mondelez,100.593,1005.93
2025-09-12,CRM,Salesforce,89.219,892.1899999999999
2025-09-12,QCOM,Qualcomm,107.176,1071.76
2025-09-15,PSA,Public Storage,104.63,1046.3
2025-09-15,UAL,United Airlines,99.084,990.84
2025-09-15,MDLZ,Mondelez,100.806,1008.06
2025-09-15,CRM,Salesforce,89.479,894.79
2025-09-15,QCOM,Qualcomm,107.284,1072.84
2025-09-16,PSA,Public Storage,104.646,1046.46
2025-09-16,UAL,United Airlines,99.087,990.87
2025-09-16,MDLZ,Mondelez,100.723,1007.23
2025-09-16,CRM,Salesforce,89.549,895.4900000000001
2025-09-16,QCOM,Qualcomm,107.282,1072.82
2025-09-17,PSA,Public Storage,104.512,1045.1200000000001
2025-09-17,UAL,United Airlines,98.951,989.5099999999999
2025-09-17,MDLZ,Mondelez,100.505,1005.05
2025-09-17,CRM,Salesforce,89.292,892.9200000000001
2025-09-17,QCOM,Qualcomm,107.044,1070.44
2025-09-18,PSA,Public Storage,104.191,1041.91
2025-09-18,UAL,United Airlines,98.836,988.36
2025-09-18,MDLZ,Mondelez,100.255,1002.5500000000001
2025-09-18,CRM,Salesforce,89.171,891.71000000000015
2025-09-18,QCOM,Qualcomm,106.756,1067.5600000000002
2025-09-19,PSA,Public Storage,104.344,1043.4399999999998
2025-09-19,UAL,United Airlines,99.007,990.07
2025-09-19,MDLZ,Mondelez,100.185,1001.8500000000001
2025-09-19,CRM,Salesforce,89.206,892.0600000000001
2025-09-19,QCOM,Qualcomm,106.704,1067.04
2025-09-22,PSA,Public Storage,104.173,1041.73
2025-09-22,UAL,United Airlines,99.015,990.15
2025-09-22,MDLZ,Mondelez,100.029,1000.2899999999998
2025-09-22,CRM,Salesforce,89.11,891.1
2025-09-22,QCOM,Qualcomm,106.512,1065.1200000000001
2025-09-23,PSA,Public Storage,104.101,1041.01
2025-09-23,UAL,United Airlines,98.772,987.72
2025-09-23,MDLZ,Mondelez,100.297,1002.9699999999999
2025-09-23,CRM,Salesforce,89.213,892.13
2025-09-23,QCOM,Qualcomm,106.794,1067.9399999999998
2025-09-24,PSA,Public Storage,103.9,1039.0000000000002
2025-09-24,UAL,United Airlines,98.785,987.85
2025-09-24,MDLZ,Mondelez,99.893,998.93
2025-09-24,CRM,Salesforce,88.915,889.1500000000001
2025-09-24,QCOM,Qualcomm,106.518,1065.18
2025-09-25,PSA,Public Storage,103.587,1035.8700000000001
2025-09-25,UAL,United Airlines,98.608,986.08
2025-09-25,MDLZ,Mondelez,99.57,995.6999999999999
2025-09-25,CRM,Salesforce,88.571,885.71
2025-09-25,QCOM,Qualcomm,106.203,1062.03
2025-09-26,PSA,Public Storage,103.54,1035.4
2025-09-26,UAL,United Airlines,98.611,986.11
2025-09-26,MDLZ,Mondelez,99.58,995.8000000000001
2025-09-26,CRM,Salesforce,88.595,885.95
2025-09-26,QCOM,Qualcomm,105.962,1059.6200000000001
2025-09-29,PSA,Public Storage,103.885,1038.8500000000001
2025-09-29,UAL,United Airlines,98.504,985.0400000000001
2025-09-29,MDLZ,Mondelez,99.92,999.1999999999999
2025-09-29,CRM,Salesforce,88.72,887.2
2025-09-29,QCOM,Qualcomm,106.321,1063.21
2025-09-30,PSA,Public Storage,103.825,1038.2500000000002
2025-09-30,UAL,United Airlines,98.469,984.6899999999999
2025-09-30,MDLZ,Mondelez,99.815,998.15
2025-09-30,CRM,Salesforce,88.736,887.36
2025-09-30,QCOM,Qualcomm,106.256,1062.56
2025-10-01,PSA,Public Storage,104.171,1041.71
2025-10-01,UAL,United Airlines,98.532,985.3199999999999
2025-10-01,MDLZ,Mondelez,100.157,1001.57
2025-10-01,CRM,Salesforce,89.083,890.83
2025-10-01,QCOM,Qualcomm,106.535,1065.35
2025-10-02,PSA,Public Storage,104.283,1042.83
2025-10-02,UAL,United Airlines,98.596,985.96
2025-10-02,MDLZ,Mondelez,100.357,1003.57
2025-10-02,CRM,Salesforce,89.146,891.46
2025-10-02,QCOM,Qualcomm,106.76,1067.6000000000001
2025-10-03,PSA,Public Storage,104.19,1041.9
2025-10-03,UAL,United Airlines,98.585,985.8499999999999
2025-10-03,MDLZ,Mondelez,100.174,1001.7400000000001
2025-10-03,CRM,Salesforce,89.014,890.14
2025-10-03,QCOM,Qualcomm,106.349,1063.49
2025-10-06,PSA,Public Storage,104.013,1040.13
2025-10-06,UAL,United Airlines,98.624,986.24
2025-10-06,MDLZ,Mondelez,99.873,998.73
2025-10-06,CRM,Salesforce,88.859,888.59
2025-10-06,QCOM,Qualcomm,106.241,1062.41
2025-10-07,PSA,Public Storage,104.095,1040.95
2025-10-07,UAL,United Airlines,98.504,985.0400000000001
2025-10-07,MDLZ,Mondelez,100.072,1000.72
2025-10-07,CRM,Salesforce,88.968,889.6800000000001
2025-10-07,QCOM,Qualcomm,106.442,1064.4199999999998
2025-10-08,PSA,Public Storage,104.055,1040.5500000000002
2025-10-08,UAL,United Airlines,98.503,985.03
2025-10-08,MDLZ,Mondelez,100.061,1000.61
2025-10-08,CRM,Salesforce,88.916,889.16
2025-10-08,QCOM,Qualcomm,106.61,1066.1000000000001
2025-10-09,PSA,Public Storage,103.825,1038.2500000000002
2025-10-09,UAL,United Airlines,98.51,985.1000000000001
2025-10-09,MDLZ,Mondelez,99.865,998.65
2025-10-09,CRM,Salesforce,88.739,887.39
2025-10-09,QCOM,Qualcomm,106.395,1063.95
2025-10-10,PSA,Public Storage,104.143,1041.43
2025-10-10,UAL,United Airlines,98.483,984.83
2025-10-10,MDLZ,Mondelez,100.246,1002.4599999999999
2025-10-10,CRM,Salesforce,88.976,889.76
2025-10-10,QCOM,Qualcomm,106.826,1068.26
2025-10-13,PSA,Public Storage,104.093,1040.93
2025-10-13,UAL,United Airlines,98.483,984.83
2025-10-13,MDLZ,Mondelez,100.3,1002.9999999999999
2025-10-13,CRM,Salesforce,89.274,892.74
2025-10-13,QCOM,Qualcomm,106.92,1069.1999999999998
2025-10-14,PSA,Public Storage,104.372,1043.72
2025-10-14,UAL,United Airlines,98.651,986.51
2025-10-14,MDLZ,Mondelez,100.422,1004.2199999999999
2025-10-14,CRM,Salesforce,89.386,893.86
2025-10-14,QCOM,Qualcomm,107.067,1070.67
2025-10-15,PSA,Public Storage,104.429,1044.29
2025-10-15,UAL,United Airlines,98.63,986.3
2025-10-15,MDLZ,Mondelez,100.46,1004.5999999999999
2025-10-15,CRM,Salesforce,89.38,893.8
2025-10-15,QCOM,Qualcomm,106.944,1069.44
2025-10-16,PSA,Public Storage,104.762,1047.62
2025-10-16,UAL,United Airlines,98.809,988.09
2025-10-16,MDLZ,Mondelez,100.811,1008.11
2025-10-16,CRM,Salesforce,89.668,896.6800000000001
2025-10-16,QCOM,Qualcomm,107.085,1070.85
2025-10-17,PSA,Public Storage,104.497,1044.97
2025-10-17,UAL,United Airlines,98.795,987.95
2025-10-17,MDLZ,Mondelez,100.662,1006.6200000000001
2025-10-17,CRM,Salesforce,89.561,895.61
2025-10-17,QCOM,Qualcomm,106.974,1069.7400000000002
2025-10-20,PSA,Public Storage,104.679,1046.7900000000002
2025-10-20,UAL,United Airlines,98.938,989.38
2025-10-20,MDLZ,Mondelez,100.902,1009.02
2025-10-20,CRM,Salesforce,89.662,896.6200000000001
2025-10-20,QCOM,Qualcomm,107.145,1071.45
2025-10-21,PSA,Public Storage,104.832,1048.32
2025-10-21,UAL,United Airlines,99.276,992.76
2025-10-21,MDLZ,Mondelez,100.99,1009.9
2025-10-21,CRM,Salesforce,89.739,897.39
2025-10-21,QCOM,Qualcomm,107.219,1072.19
2025-10-22,PSA,Public Storage,104.668,1046.68
2025-10-22,UAL,United Airlines,99.217,992.17
2025-10-22,MDLZ,Mondelez,100.934,1009.3399999999999
2025-10-22,CRM,Salesforce,89.68,896.8000000000001
2025-10-22,QCOM,Qualcomm,107.185,1071.85
2025-10-23,PSA,Public Storage,104.218,1042.18
2025-10-23,UAL,United Airlines,99.177,991.7700000000001
2025-10-23,MDLZ,Mondelez,100.719,1007.19
2025-10-23,CRM,Salesforce,89.499,894.99
2025-10-23,QCOM,Qualcomm,107.005,1070.05
2025-10-24,PSA,Public Storage,104.417,1044.17
2025-10-24,UAL,United Airlines,99.134,991.34
2025-10-24,MDLZ,Mondelez,100.91,1009.0999999999999
2025-10-24,CRM,Salesforce,89.608,896.08
2025-10-24,QCOM,Qualcomm,107.105,1071.05
2025-10-27,PSA,Public Storage,104.599,1045.99
2025-10-27,UAL,United Airlines,99.118,991.18
2025-10-27,MDLZ,Mondelez,100.993,1009.93
2025-10-27,CRM,Salesforce,89.597,895.9699999999999
2025-10-27,QCOM,Qualcomm,107.193,1071.93
2025-10-28,PSA,Public Storage,104.678,1046.78
2025-10-28,UAL,United Airlines,99.22,992.1999999999999
2025-10-28,MDLZ,Mondelez,101.018,1010.1800000000001
2025-10-28,CRM,Salesforce,89.575,895.75
2025-10-28,QCOM,Qualcomm,107.245,1072.45
2025-10-29,PSA,Public Storage,104.139,1041.39
2025-10-29,UAL,United Airlines,99.257,992.57
2025-10-29,MDLZ,Mondelez,100.378,1003.7799999999999
2025-10-29,CRM,Salesforce,89.089,890.89
2025-10-29,QCOM,Qualcomm,106.637,1066.3700000000001
2025-10-30,PSA,Public Storage,103.904,1039.04
2025-10-30,UAL,United Airlines,99.072,990.72
2025-10-30,MDLZ,Mondelez,100.021,1000.21
2025-10-30,CRM,Salesforce,88.892,888.92
2025-10-30,QCOM,Qualcomm,106.385,1063.85
2025-10-31,PSA,Public Storage,103.695,1036.95
2025-10-31,UAL,United Airlines,99.042,990.42
2025-10-31,MDLZ,Mondelez,99.757,997.57
2025-10-31,CRM,Salesforce,88.849,888.49
2025-10-31,QCOM,Qualcomm,106.188,1061.8799999999999
2025-11-03,PSA,Public Storage,103.606,1036.06
2025-11-03,UAL,United Airlines,99.01,990.1000000000001
2025-11-03,MDLZ,Mondelez,99.527,995.27
2025-11-03,CRM,Salesforce,88.715,887.15
2025-11-03,QCOM,Qualcomm,105.904,1059.04
2025-11-04,PSA,Public Storage,103.746,1037.46
2025-11-04,UAL,United Airlines,98.956,989.56
2025-11-04,MDLZ,Mondelez,99.642,996.42
2025-11-04,CRM,Salesforce,88.819,888.19
2025-11-04,QCOM,Qualcomm,106.085,1060.85
2025-11-05,PSA,Public Storage,103.337,1033.3700000000001
2025-11-05,UAL,United Airlines,98.991,989.91
2025-11-05,MDLZ,Mondelez,99.2,992
2025-11-05,CRM,Salesforce,88.542,885.42
2025-11-05,QCOM,Qualcomm,105.759,1057.59
2025-11-06,PSA,Public Storage,103.655,1036.5500000000002
2025-11-06,UAL,United Airlines,99.019,990.19
2025-11-06,MDLZ,Mondelez,99.592,995.9200000000001
2025-11-06,CRM,Salesforce,88.812,888.12
2025-11-06,QCOM,Qualcomm,106.128,1061.28
2025-11-07,PSA,Public Storage,103.53,1035.3000000000002
2025-11-07,UAL,United Airlines,98.914,989.14
2025-11-07,MDLZ,Mondelez,99.494,994.94
2025-11-07,CRM,Salesforce,88.799,887.99
2025-11-07,QCOM,Qualcomm,105.969,1059.69
2025-11-10,PSA,Public Storage,103.557,1035.5700000000002
2025-11-10,UAL,United Airlines,99.062,990.6199999999999
2025-11-10,MDLZ,Mondelez,99.498,994.9800000000001
2025-11-10,CRM,Salesforce,88.831,888.3100000000001
2025-11-10,QCOM,Qualcomm,105.882,1058.8200000000002
2025-11-11,PSA,Public Storage,103.859,1038.59
2025-11-11,UAL,United Airlines,98.886,988.86
2025-11-11,MDLZ,Mondelez,99.84,998.4000000000001
2025-11-11,CRM,Salesforce,89.085,890.8499999999999
2025-11-11,QCOM,Qualcomm,106.218,1062.18
2025-11-12,PSA,Public Storage,103.841,1038.4099999999999
2025-11-12,UAL,United Airlines,99.187,991.87
2025-11-12,MDLZ,Mondelez,99.834,998.34
2025-11-12,CRM,Salesforce,89.019,890.19
2025-11-12,QCOM,Qualcomm,106.141,1061.4099999999999
2025-11-13,PSA,Public Storage,103.533,1035.3300000000002
2025-11-13,UAL,United Airlines,98.992,989.9200000000001
2025-11-13,MDLZ,Mondelez,99.49,994.8999999999999
2025-11-13,CRM,Salesforce,88.769,887.69
2025-11-13,QCOM,Qualcomm,105.794,1057.9399999999998
2025-11-14,PSA,Public Storage,103.384,1033.8400000000001
2025-11-14,UAL,United Airlines,99.033,990.33
2025-11-14,MDLZ,Mondelez,99.175,991.75
2025-11-14,CRM,Salesforce,88.666,886.66
2025-11-14,QCOM,Qualcomm,105.627,1056.27
2025-11-17,PSA,Public Storage,103.38,1033.8
2025-11-17,UAL,United Airlines,99.002,990.0199999999999
2025-11-17,MDLZ,Mondelez,99.225,992.25
2025-11-17,CRM,Salesforce,88.676,886.76
2025-11-17,QCOM,Qualcomm,105.534,1055.3400000000001
2025-11-18,PSA,Public Storage,103.35,1033.4999999999998
2025-11-18,UAL,United Airlines,99.107,991.07
2025-11-18,MDLZ,Mondelez,99.325,993.2500000000001
2025-11-18,CRM,Salesforce,88.809,888.0899999999999
2025-11-18,QCOM,Qualcomm,105.659,1056.5900000000001
2025-11-19,PSA,Public Storage,103.431,1034.3100000000002
2025-11-19,UAL,United Airlines,99.228,992.28
2025-11-19,MDLZ,Mondelez,99.213,992.13
2025-11-19,CRM,Salesforce,88.719,887.1899999999999
2025-11-19,QCOM,Qualcomm,105.497,1054.97
2025-11-20,PSA,Public Storage,103.46,1034.6
2025-11-20,UAL,United Airlines,99.194,991.94
2025-11-20,MDLZ,Mondelez,99.455,994.55
2025-11-20,CRM,Salesforce,88.902,889.02
2025-11-20,QCOM,Qualcomm,105.719,1057.1899999999998
2025-11-21,PSA,Public Storage,103.689,1036.8899999999999
2025-11-21,UAL,United Airlines,99.155,991.5500000000001
2025-11-21,MDLZ,Mondelez,99.562,995.62
2025-11-21,CRM,Salesforce,89.067,890.67
2025-11-21,QCOM,Qualcomm,105.958,1059.58
2025-11-24,PSA,Public Storage,103.984,1039.84
2025-11-24,UAL,United Airlines,99.123,991.23
2025-11-24,MDLZ,Mondelez,99.802,998.02
2025-11-24,CRM,Salesforce,89.148,891.4799999999999
2025-11-24,QCOM,Qualcomm,106.173,1061.73
2025-11-25,PSA,Public Storage,104.229,1042.29
2025-11-25,UAL,United Airlines,99.489,994.8900000000001
2025-11-25,MDLZ,Mondelez,100.12,1001.2
2025-11-25,CRM,Salesforce,89.385,893.85
2025-11-25,QCOM,Qualcomm,106.503,1065.03
2025-11-26,PSA,Public Storage,104.509,1045.0900000000001
2025-11-26,UAL,United Airlines,99.402,994.02
2025-11-26,MDLZ,Mondelez,100.32,1003.1999999999998
2025-11-26,CRM,Salesforce,89.426,894.2600000000001
2025-11-26,QCOM,Qualcomm,106.733,1067.3300000000002
2025-11-28,PSA,Public Storage,104.298,1042.98
2025-11-28,UAL,United Airlines,99.494,994.94
2025-11-28,MDLZ,Mondelez,100.199,1001.9899999999999
2025-11-28,CRM,Salesforce,89.367,893.6700000000001
2025-11-28,QCOM,Qualcomm,106.568,1065.68
2025-12-01,PSA,Public Storage,103.934,1039.34
2025-12-01,UAL,United Airlines,99.668,996.6800000000001
2025-12-01,MDLZ,Mondelez,99.686,996.8600000000001
2025-12-01,CRM,Salesforce,89.018,890.18
2025-12-01,QCOM,Qualcomm,106.144,1061.44
2025-12-02,PSA,Public Storage,104.006,1040.06
2025-12-02,UAL,United Airlines,99.67,996.7
2025-12-02,MDLZ,Mondelez,99.813,998.1300000000001
2025-12-02,CRM,Salesforce,89.081,890.81
2025-12-02,QCOM,Qualcomm,106.316,1063.16
2025-12-03,PSA,Public Storage,104.196,1041.96
2025-12-03,UAL,United Airlines,99.646,996.46
2025-12-03,MDLZ,Mondelez,100.01,1000.1
2025-12-03,CRM,Salesforce,89.222,892.2199999999999
2025-12-03,QCOM,Qualcomm,106.451,1064.5099999999998
2025-12-04,PSA,Public Storage,103.946,1039.46
2025-12-04,UAL,United Airlines,99.486,994.8600000000001
2025-12-04,MDLZ,Mondelez,99.832,998.3199999999999
2025-12-04,CRM,Salesforce,88.989,889.8900000000001
2025-12-04,QCOM,Qualcomm,106.196,1061.96
2025-12-05,PSA,Public Storage,103.692,1036.9199999999998
2025-12-05,UAL,United Airlines,99.502,995.0199999999999
2025-12-05,MDLZ,Mondelez,99.655,996.5500000000001
2025-12-05,CRM,Salesforce,88.867,888.6700000000001
2025-12-05,QCOM,Qualcomm,106.018,1060.1799999999998
2025-12-08,PSA,Public Storage,103.569,1035.69
2025-12-08,UAL,United Airlines,99.584,995.84
2025-12-08,MDLZ,Mondelez,99.434,994.34
2025-12-08,CRM,Salesforce,88.692,886.92
2025-12-08,QCOM,Qualcomm,105.858,1058.5800000000002
2025-12-09,PSA,Public Storage,103.42,1034.2
2025-12-09,UAL,United Airlines,99.372,993.72
2025-12-09,MDLZ,Mondelez,99.253,992.53
2025-12-09,CRM,Salesforce,88.528,885.2800000000001
2025-12-09,QCOM,Qualcomm,105.799,1057.99
2025-12-10,PSA,Public Storage,103.67,1036.7
2025-12-10,UAL,United Airlines,99.462,994.62
2025-12-10,MDLZ,Mondelez,99.579,995.79
2025-12-10,CRM,Salesforce,88.776,887.76
2025-12-10,QCOM,Qualcomm,106.14,1061.3999999999999
2025-12-11,PSA,Public Storage,103.653,1036.53
2025-12-11,UAL,United Airlines,99.32,993.1999999999999
2025-12-11,MDLZ,Mondelez,99.575,995.75
2025-12-11,CRM,Salesforce,88.817,888.17
2025-12-11,QCOM,Qualcomm,106.098,1060.98
2025-12-12,PSA,Public Storage,103.363,1033.63
2025-12-12,UAL,United Airlines,99.381,993.81
2025-12-12,MDLZ,Mondelez,99.435,994.35
2025-12-12,CRM,Salesforce,88.638,886.3800000000001
2025-12-12,QCOM,Qualcomm,105.728,1057.28
2025-12-15,PSA,Public Storage,103.448,1034.4799999999998
2025-12-15,UAL,United Airlines,99.502,995.0199999999999
2025-12-15,MDLZ,Mondelez,99.5,995
2025-12-15,CRM,Salesforce,88.7,887
2025-12-15,QCOM,Qualcomm,105.84,1058.4
2025-12-16,PSA,Public Storage,103.636,1036.36
2025-12-16,UAL,United Airlines,99.298,992.98
2025-12-16,MDLZ,Mondelez,99.671,996.71000000000015
2025-12-16,CRM,Salesforce,88.815,888.15
2025-12-16,QCOM,Qualcomm,106.099,1060.99
2025-12-17,PSA,Public Storage,103.615,1036.1499999999999
2025-12-17,UAL,United Airlines,99.618,996.18
2025-12-17,MDLZ,Mondelez,99.637,996.37
2025-12-17,CRM,Salesforce,88.828,888.2800000000001
2025-12-17,QCOM,Qualcomm,106.068,1060.68
2025-12-18,PSA,Public Storage,103.828,1038.2800000000002
2025-12-18,UAL,United Airlines,99.642,996.42
2025-12-18,MDLZ,Mondelez,99.851,998.51
2025-12-18,CRM,Salesforce,89.018,890.18
2025-12-18,QCOM,Qualcomm,106.27,1062.7
2025-12-19,PSA,Public Storage,103.635,1036.3500000000001
2025-12-19,UAL,United Airlines,99.456,994.56
2025-12-19,MDLZ,Mondelez,99.636,996.3599999999999
2025-12-19,CRM,Salesforce,88.875,888.75
2025-12-19,QCOM,Qualcomm,106.075,1060.75
2025-12-22,PSA,Public Storage,103.569,1035.69
2025-12-22,UAL,United Airlines,99.445,994.4499999999999
2025-12-22,MDLZ,Mondelez,99.487,994.8699999999999
2025-12-22,CRM,Salesforce,88.851,888.51
2025-12-22,QCOM,Qualcomm,105.971,1059.71
2025-12-23,PSA,Public Storage,103.544,1035.4399999999998
2025-12-23,UAL,United Airlines,99.424,994.24
2025-12-23,MDLZ,Mondelez,99.51,995.1000000000001
2025-12-23,CRM,Salesforce,88.781,887.8100000000001
2025-12-23,QCOM,Qualcomm,106.026,1060.26
2025-12-24,PSA,Public Storage,103.794,1037.9399999999998
2025-12-24,UAL,United Airlines,99.429,994.29
2025-12-24,MDLZ,Mondelez,99.796,997.96
2025-12-24,CRM,Salesforce,88.991,889.91
2025-12-24,QCOM,Qualcomm,106.221,1062.21
2025-12-26,PSA,Public Storage,103.824,1038.24
2025-12-26,UAL,United Airlines,99.354,993.54
2025-12-26,MDLZ,Mondelez,99.9,999.0000000000001
2025-12-26,CRM,Salesforce,89.111,891.11
2025-12-26,QCOM,Qualcomm,106.275,1062.75
2025-12-29,PSA,Public Storage,103.932,1039.32
2025-12-29,UAL,United Airlines,99.539,995.39
2025-12-29,MDLZ,Mondelez,100.02,1000.1999999999999
2025-12-29,CRM,Salesforce,89.189,891.89
2025-12-29,QCOM,Qualcomm,106.268,1062.68
2025-12-30,PSA,Public Storage,103.854,1038.54
2025-12-30,UAL,United Airlines,99.542,995.42
2025-12-30,MDLZ,Mondelez,99.803,998.03
2025-12-30,CRM,Salesforce,89.142,891.42
2025-12-30,QCOM,Qualcomm,106.172,1061.72
2025-12-31,PSA,Public Storage,103.495,1034.95
2025-12-31,UAL,United Airlines,99.566,995.66
2025-12-31,MDLZ,Mondelez,99.521,995.21
2025-12-31,CRM,Salesforce,88.926,889.2600000000001
2025-12-31,QCOM,Qualcomm,105.893,1058.9299999999998
2026-01-02,PSA,Public Storage,103.428,1034.28
2026-01-02,UAL,United Airlines,99.674,996.7400000000001
2026-01-02,MDLZ,Mondelez,99.558,995.58
2026-01-02,CRM,Salesforce,88.896,888.9599999999999
2026-01-02,QCOM,Qualcomm,105.813,1058.13
2026-01-05,PSA,Public Storage,103.652,1036.5200000000002
2026-01-05,UAL,United Airlines,99.721,997.21
2026-01-05,MDLZ,Mondelez,99.75,997.5
2026-01-05,CRM,Salesforce,89.071,890.71
2026-01-05,QCOM,Qualcomm,106.034,1060.3400000000001
2026-01-06,PSA,Public Storage,103.703,1037.0300000000002
2026-01-06,UAL,United Airlines,99.526,995.2599999999999
2026-01-06,MDLZ,Mondelez,99.75,997.5
2026-01-06,CRM,Salesforce,89.085,890.8499999999999
2026-01-06,QCOM,Qualcomm,106.012,1060.12
2026-01-07,PSA,Public Storage,103.848,1038.48
2026-01-07,UAL,United Airlines,99.681,996.81
2026-01-07,MDLZ,Mondelez,99.947,999.47
2026-01-07,CRM,Salesforce,89.14,891.4
2026-01-07,QCOM,Qualcomm,106.16,1061.6
2026-01-08,PSA,Public Storage,103.523,1035.2299999999998
2026-01-08,UAL,United Airlines,99.642,996.42
2026-01-08,MDLZ,Mondelez,99.631,996.3100000000001
2026-01-08,CRM,Salesforce,88.935,889.35
2026-01-08,QCOM,Qualcomm,105.907,1059.07
2026-01-09,PSA,Public Storage,103.69,1036.8999999999999
2026-01-09,UAL,United Airlines,99.795,997.95
2026-01-09,MDLZ,Mondelez,100.007,1000.07
2026-01-09,CRM,Salesforce,88.947,889.47
2026-01-09,QCOM,Qualcomm,106.051,1060.51
2026-01-12,PSA,Public Storage,103.521,1035.21
2026-01-12,UAL,United Airlines,99.684,996.8399999999999
2026-01-12,MDLZ,Mondelez,99.927,999.2700000000001
2026-01-12,CRM,Salesforce,88.909,889.09
2026-01-12,QCOM,Qualcomm,105.882,1058.8200000000002
2026-01-13,PSA,Public Storage,103.654,1036.54
2026-01-13,UAL,United Airlines,99.65,996.5
2026-01-13,MDLZ,Mondelez,99.983,999.83
2026-01-13,CRM,Salesforce,88.971,889.71
2026-01-13,QCOM,Qualcomm,105.963,1059.6299999999999
2026-01-14,PSA,Public Storage,103.813,1038.13
2026-01-14,UAL,United Airlines,99.643,996.4300000000001
2026-01-14,MDLZ,Mondelez,100.196,1001.9599999999999
2026-01-14,CRM,Salesforce,89.061,890.6100000000001
2026-01-14,QCOM,Qualcomm,106.088,1060.88
2026-01-15,PSA,Public Storage,103.685,1036.8500000000001
2026-01-15,UAL,United Airlines,99.731,997.31
2026-01-15,MDLZ,Mondelez,100.054,1000.54
2026-01-15,CRM,Salesforce,88.899,888.99
2026-01-15,QCOM,Qualcomm,105.965,1059.65
2026-01-16,PSA,Public Storage,103.384,1033.8400000000001
2026-01-16,UAL,United Airlines,99.686,996.8600000000001
2026-01-16,MDLZ,Mondelez,99.625,996.25
2026-01-16,CRM,Salesforce,88.672,886.7199999999999
2026-01-16,QCOM,Qualcomm,105.603,1056.03
2026-01-20,PSA,Public Storage,102.945,1029.45
2026-01-20,UAL,United Airlines,99.517,995.17
2026-01-20,MDLZ,Mondelez,99.12,991.2
2026-01-20,CRM,Salesforce,88.551,885.51
2026-01-20,QCOM,Qualcomm,105.199,1051.99
2026-01-21,PSA,Public Storage,103.066,1030.66
2026-01-21,UAL,United Airlines,99.6,996
2026-01-21,MDLZ,Mondelez,99.421,994.21
2026-01-21,CRM,Salesforce,88.77,887.6999999999999
2026-01-21,QCOM,Qualcomm,105.569,1055.69
2026-01-22,PSA,Public Storage,103.305,1033.05
2026-01-22,UAL,United Airlines,99.756,997.56
2026-01-22,MDLZ,Mondelez,99.472,994.7199999999999
2026-01-22,CRM,Salesforce,88.751,887.51
2026-01-22,QCOM,Qualcomm,105.583,1055.8300000000002
2026-01-23,PSA,Public Storage,103.343,1033.43
2026-01-23,UAL,United Airlines,99.763,997.63
2026-01-23,MDLZ,Mondelez,99.548,995.48
2026-01-23,CRM,Salesforce,88.806,888.06
2026-01-23,QCOM,Qualcomm,105.56,1055.6000000000001
2026-01-26,PSA,Public Storage,103.43,1034.3
2026-01-26,UAL,United Airlines,99.766,997.6600000000001
2026-01-26,MDLZ,Mondelez,99.668,996.6800000000001
2026-01-26,CRM,Salesforce,88.822,888.22
2026-01-26,QCOM,Qualcomm,105.578,1055.78
2026-01-27,PSA,Public Storage,103.31,1033.1000000000001
2026-01-27,UAL,United Airlines,99.863,998.63
2026-01-27,MDLZ,Mondelez,99.556,995.56
2026-01-27,CRM,Salesforce,88.846,888.46
2026-01-27,QCOM,Qualcomm,105.57,1055.6999999999998
2026-01-28,PSA,Public Storage,103.266,1032.66
2026-01-28,UAL,United Airlines,99.842,998.42
2026-01-28,MDLZ,Mondelez,99.482,994.82
2026-01-28,CRM,Salesforce,88.865,888.65
2026-01-28,QCOM,Qualcomm,105.476,1054.76
2026-01-29,PSA,Public Storage,103.332,1033.32
2026-01-29,UAL,United Airlines,99.846,998.46
2026-01-29,MDLZ,Mondelez,99.507,995.07
2026-01-29,CRM,Salesforce,88.843,888.4300000000001
2026-01-29,QCOM,Qualcomm,105.47,1054.7
2026-01-30,PSA,Public Storage,103.263,1032.63
2026-01-30,UAL,United Airlines,99.907,999.07
2026-01-30,MDLZ,Mondelez,99.497,994.97
2026-01-30,CRM,Salesforce,88.907,889.0699999999999
2026-01-30,QCOM,Qualcomm,105.557,1055.5700000000002
2026-02-02,PSA,Public Storage,103.113,1031.13
2026-02-02,UAL,United Airlines,99.905,999.05
2026-02-02,MDLZ,Mondelez,99.389,993.89
2026-02-02,CRM,Salesforce,88.703,887.03
2026-02-02,QCOM,Qualcomm,105.395,1053.95
2026-02-03,PSA,Public Storage,103.194,1031.94
2026-02-03,UAL,United Airlines,99.883,998.83
2026-02-03,MDLZ,Mondelez,99.419,994.19
2026-02-03,CRM,Salesforce,88.663,886.6299999999999
2026-02-03,QCOM,Qualcomm,105.415,1054.15
2026-02-04,PSA,Public Storage,103.055,1030.5500000000002
2026-02-04,UAL,United Airlines,99.924,999.24
2026-02-04,MDLZ,Mondelez,99.233,992.33
2026-02-04,CRM,Salesforce,88.453,884.5300000000001
2026-02-04,QCOM,Qualcomm,105.381,1053.81
2026-02-05,PSA,Public Storage,103.414,1034.14
2026-02-05,UAL,United Airlines,100.012,1000.1199999999999
2026-02-05,MDLZ,Mondelez,99.726,997.26
2026-02-05,CRM,Salesforce,88.751,887.51
2026-02-05,QCOM,Qualcomm,105.64,1056.4
2026-02-06,PSA,Public Storage,103.397,1033.97
2026-02-06,UAL,United Airlines,99.865,998.65
2026-02-06,MDLZ,Mondelez,99.581,995.8100000000001
2026-02-06,CRM,Salesforce,88.783,887.83
2026-02-06,QCOM,Qualcomm,105.534,1055.3400000000001
2026-02-09,PSA,Public Storage,103.411,1034.1100000000001
2026-02-09,UAL,United Airlines,99.949,999.49
2026-02-09,MDLZ,Mondelez,99.571,995.71
2026-02-09,CRM,Salesforce,88.882,888.82
2026-02-09,QCOM,Qualcomm,105.597,1055.9699999999998
2026-02-10,PSA,Public Storage,103.673,1036.73
2026-02-10,UAL,United Airlines,100.019,1000.1900000000002
2026-02-10,MDLZ,Mondelez,99.788,997.88
2026-02-10,CRM,Salesforce,89.063,890.63
2026-02-10,QCOM,Qualcomm,105.709,1057.0900000000001
2026-02-11,PSA,Public Storage,103.611,1036.1100000000001
2026-02-11,UAL,United Airlines,99.91,999.1
2026-02-11,MDLZ,Mondelez,99.607,996.07
2026-02-11,CRM,Salesforce,88.802,888.02
2026-02-11,QCOM,Qualcomm,105.533,1055.3300000000002
2026-02-12,PSA,Public Storage,104.081,1040.81
2026-02-12,UAL,United Airlines,99.901,999.01
2026-02-12,MDLZ,Mondelez,100.139,1001.39
2026-02-12,CRM,Salesforce,89.321,893.2099999999999
2026-02-12,QCOM,Qualcomm,105.934,1059.34
2026-02-13,PSA,Public Storage,104.202,1042.02
2026-02-13,UAL,United Airlines,99.881,998.81
2026-02-13,MDLZ,Mondelez,100.352,1003.52
2026-02-13,CRM,Salesforce,89.166,891.66
2026-02-13,QCOM,Qualcomm,106.121,1061.21
2026-02-17,PSA,Public Storage,104.087,1040.87
2026-02-17,UAL,United Airlines,99.912,999.12
2026-02-17,MDLZ,Mondelez,100.557,1005.57
2026-02-17,CRM,Salesforce,89.036,890.36
2026-02-17,QCOM,Qualcomm,106.099,1060.99
2026-02-18,PSA,Public Storage,104.11,1041.1
2026-02-18,UAL,United Airlines,99.968,999.6800000000001
2026-02-18,MDLZ,Mondelez,100.482,1004.82
2026-02-18,CRM,Salesforce,88.887,888.87
2026-02-18,QCOM,Qualcomm,106.032,1060.32
2026-02-19,PSA,Public Storage,104.198,1041.98
2026-02-19,UAL,United Airlines,99.881,998.81
2026-02-19,MDLZ,Mondelez,100.423,1004.2299999999999
2026-02-19,CRM,Salesforce,88.961,889.61
2026-02-19,QCOM,Qualcomm,106.164,1061.6399999999999
2026-02-20,PSA,Public Storage,104.189,1041.8899999999999
2026-02-20,UAL,United Airlines,99.874,998.74
2026-02-20,MDLZ,Mondelez,100.481,1004.81
2026-02-20,CRM,Salesforce,89.031,890.3100000000001
2026-02-20,QCOM,Qualcomm,106.162,1061.6200000000001
2026-02-23,PSA,Public Storage,104.319,1043.19
2026-02-23,UAL,United Airlines,99.959,999.59
2026-02-23,MDLZ,Mondelez,100.513,1005.1300000000001
2026-02-23,CRM,Salesforce,89.201,892.01
2026-02-23,QCOM,Qualcomm,106.347,1063.47
2026-02-24,PSA,Public Storage,104.003,1040.03
2026-02-24,UAL,United Airlines,100.031,1000.3100000000001
2026-02-24,MDLZ,Mondelez,100.517,1005.1699999999998
2026-02-24,CRM,Salesforce,88.991,889.91
2026-02-24,QCOM,Qualcomm,106.378,1063.78
2026-02-25,PSA,Public Storage,104.019,1040.19
2026-02-25,UAL,United Airlines,99.912,999.12
2026-02-25,MDLZ,Mondelez,100.423,1004.2299999999999
2026-02-25,CRM,Salesforce,89.092,890.92
2026-02-25,QCOM,Qualcomm,106.373,1063.73
2026-02-26,PSA,Public Storage,104.11,1041.1
2026-02-26,UAL,United Airlines,99.979,999.79
2026-02-26,MDLZ,Mondelez,100.533,1005.33
2026-02-26,CRM,Salesforce,88.974,889.7400000000001
2026-02-26,QCOM,Qualcomm,106.437,1064.3700000000001
2026-02-27,PSA,Public Storage,104.391,1043.91
2026-02-27,UAL,United Airlines,99.925,999.25
2026-02-27,MDLZ,Mondelez,100.587,1005.87
2026-02-27,CRM,Salesforce,88.926,889.2600000000001
2026-02-27,QCOM,Qualcomm,106.643,1066.43
2026-03-02,PSA,Public Storage,103.878,1038.78
2026-03-02,UAL,United Airlines,99.641,996.41
2026-03-02,MDLZ,Mondelez,100.1,1000.9999999999999
2026-03-02,CRM,Salesforce,88.563,885.63
2026-03-02,QCOM,Qualcomm,106.08,1060.8
2026-03-03,PSA,Public Storage,103.995,1039.95
2026-03-03,UAL,United Airlines,99.451,994.5099999999999
2026-03-03,MDLZ,Mondelez,100.086,1000.8600000000001
2026-03-03,CRM,Salesforce,88.558,885.58
2026-03-03,QCOM,Qualcomm,106.027,1060.27
2026-03-04,PSA,Public Storage,103.912,1039.1200000000001
2026-03-04,UAL,United Airlines,99.764,997.64
2026-03-04,MDLZ,Mondelez,100.136,1001.36
2026-03-04,CRM,Salesforce,88.669,886.6899999999999
2026-03-04,QCOM,Qualcomm,106.033,1060.33
2026-03-05,PSA,Public Storage,103.469,1034.6899999999998
2026-03-05,UAL,United Airlines,99.335,993.3499999999999
2026-03-05,MDLZ,Mondelez,99.805,998.0500000000001
2026-03-05,CRM,Salesforce,88.457,884.5699999999999
2026-03-05,QCOM,Qualcomm,105.717,1057.1699999999998
2026-03-06,PSA,Public Storage,103.287,1032.87
2026-03-06,UAL,United Airlines,99.255,992.55
2026-03-06,MDLZ,Mondelez,99.519,995.19
2026-03-06,CRM,Salesforce,88.273,882.73
2026-03-06,QCOM,Qualcomm,105.518,1055.18
2026-03-09,PSA,Public Storage,103.6,1036
2026-03-09,UAL,United Airlines,99.3,993
2026-03-09,MDLZ,Mondelez,99.843,998.4300000000001
2026-03-09,CRM,Salesforce,88.617,886.17
2026-03-09,QCOM,Qualcomm,105.676,1056.76
2026-03-10,PSA,Public Storage,103.571,1035.7099999999998
2026-03-10,UAL,United Airlines,99.487,994.8699999999999
2026-03-10,MDLZ,Mondelez,99.467,994.67
2026-03-10,CRM,Salesforce,88.119,881.19
2026-03-10,QCOM,Qualcomm,105.353,1053.5299999999997
2026-03-11,PSA,Public Storage,102.957,1029.57
2026-03-11,UAL,United Airlines,99.15,991.5
2026-03-11,MDLZ,Mondelez,98.759,987.5899999999999
2026-03-11,CRM,Salesforce,87.416,874.16
2026-03-11,QCOM,Qualcomm,104.801,1048.0100000000002
2026-03-12,PSA,Public Storage,102.533,1025.3300000000002
2026-03-12,UAL,United Airlines,98.727,987.2700000000001
2026-03-12,MDLZ,Mondelez,98.434,984.34
2026-03-12,CRM,Salesforce,87.066,870.66
2026-03-12,QCOM,Qualcomm,104.417,1044.17
2026-03-13,PSA,Public Storage,102.33,1023.2999999999998
2026-03-13,UAL,United Airlines,98.73,987.3000000000001
2026-03-13,MDLZ,Mondelez,98.118,981.18
2026-03-13,CRM,Salesforce,87.26,872.6
2026-03-13,QCOM,Qualcomm,104.136,1041.3600000000001
2026-03-16,PSA,Public Storage,102.615,1026.1499999999999
2026-03-16,UAL,United Airlines,98.735,987.3499999999999
2026-03-16,MDLZ,Mondelez,98.217,982.17
2026-03-16,CRM,Salesforce,87.346,873.46
2026-03-16,QCOM,Qualcomm,104.383,1043.83
2026-03-17,PSA,Public Storage,102.868,1028.68
2026-03-17,UAL,United Airlines,99.031,990.3100000000001
2026-03-17,MDLZ,Mondelez,98.597,985.9699999999999
2026-03-17,CRM,Salesforce,87.588,875.88
2026-03-17,QCOM,Qualcomm,104.728,1047.28
2026-03-18,PSA,Public Storage,102.641,1026.41
2026-03-18,UAL,United Airlines,98.812,988.12
2026-03-18,MDLZ,Mondelez,98.1,981
2026-03-18,CRM,Salesforce,87.231,872.31
2026-03-18,QCOM,Qualcomm,104.388,1043.88
2026-03-19,PSA,Public Storage,102.712,1027.1200000000001
2026-03-19,UAL,United Airlines,98.584,985.84
2026-03-19,MDLZ,Mondelez,98.163,981.63
2026-03-19,CRM,Salesforce,87.21,872.1
2026-03-19,QCOM,Qualcomm,104.405,1044.05
2026-03-20,PSA,Public Storage,101.947,1019.4700000000001
2026-03-20,UAL,United Airlines,98.156,981.5600000000001
2026-03-20,MDLZ,Mondelez,97.179,971.7900000000001
2026-03-20,CRM,Salesforce,86.736,867.36
2026-03-20,QCOM,Qualcomm,103.532,1035.32
2026-03-23,PSA,Public Storage,102.249,1022.4899999999999
2026-03-23,UAL,United Airlines,98.581,985.8100000000001
2026-03-23,MDLZ,Mondelez,97.472,974.7199999999999
2026-03-23,CRM,Salesforce,87.058,870.58
2026-03-23,QCOM,Qualcomm,103.904,1039.04
2026-03-24,PSA,Public Storage,101.713,1017.1299999999999
2026-03-24,UAL,United Airlines,98.233,982.33
2026-03-24,MDLZ,Mondelez,97.195,971.9499999999999
2026-03-24,CRM,Salesforce,86.791,867.91
2026-03-24,QCOM,Qualcomm,103.785,1037.85
2026-03-25,PSA,Public Storage,102.108,1021.08
2026-03-25,UAL,United Airlines,98.199,981.99
2026-03-25,MDLZ,Mondelez,97.757,977.57
2026-03-25,CRM,Salesforce,87.113,871.13
2026-03-25,QCOM,Qualcomm,104.041,1040.41
2026-03-26,PSA,Public Storage,101.303,1013.0299999999999
2026-03-26,UAL,United Airlines,97.847,978.4699999999999
2026-03-26,MDLZ,Mondelez,96.883,968.8299999999999
2026-03-26,CRM,Salesforce,86.413,864.13
2026-03-26,QCOM,Qualcomm,103.374,1033.7399999999998
2026-03-27,PSA,Public Storage,101.292,1012.9200000000001
2026-03-27,UAL,United Airlines,97.189,971.8899999999999
2026-03-27,MDLZ,Mondelez,96.712,967.12
2026-03-27,CRM,Salesforce,86.502,865.0199999999999
2026-03-27,QCOM,Qualcomm,103.133,1031.33
2026-03-30,PSA,Public Storage,101.832,1018.3199999999999
2026-03-30,UAL,United Airlines,97.275,972.75
2026-03-30,MDLZ,Mondelez,97.328,973.2800000000001
2026-03-30,CRM,Salesforce,86.927,869.2700000000001
2026-03-30,QCOM,Qualcomm,103.777,1037.77
2026-03-31,PSA,Public Storage,102.123,1021.2300000000001
2026-03-31,UAL,United Airlines,98.112,981.12
2026-03-31,MDLZ,Mondelez,97.802,978.0200000000001
2026-03-31,CRM,Salesforce,87.325,873.2500000000001
2026-03-31,QCOM,Qualcomm,104.063,1040.6299999999999
2026-04-01,PSA,Public Storage,102.064,1020.64
2026-04-01,UAL,United Airlines,98.388,983.8800000000001
2026-04-01,MDLZ,Mondelez,97.867,978.6700000000001
2026-04-01,CRM,Salesforce,87.286,872.86
2026-04-01,QCOM,Qualcomm,104.154,1041.54
2026-04-02,PSA,Public Storage,102.354,1023.5399999999998
2026-04-02,UAL,United Airlines,97.917,979.17
2026-04-02,MDLZ,Mondelez,98.143,981.4300000000001
2026-04-02,CRM,Salesforce,87.475,874.7499999999999
2026-04-02,QCOM,Qualcomm,104.513,1045.13
2026-04-06,PSA,Public Storage,102.247,1022.47
2026-04-06,UAL,United Airlines,98.143,981.4300000000001
2026-04-06,MDLZ,Mondelez,97.949,979.49
2026-04-06,CRM,Salesforce,87.457,874.5699999999999
2026-04-06,QCOM,Qualcomm,104.318,1043.18
2026-04-07,PSA,Public Storage,102.314,1023.14
2026-04-07,UAL,United Airlines,97.993,979.93
2026-04-07,MDLZ,Mondelez,98.103,981.03
2026-04-07,CRM,Salesforce,87.576,875.76
2026-04-07,QCOM,Qualcomm,104.409,1044.09
2026-04-08,PSA,Public Storage,102.627,1026.27
2026-04-08,UAL,United Airlines,98.873,988.73
2026-04-08,MDLZ,Mondelez,98.314,983.1399999999999
2026-04-08,CRM,Salesforce,87.759,877.59
2026-04-08,QCOM,Qualcomm,104.567,1045.6699999999998
2026-04-09,PSA,Public Storage,102.69,1026.8999999999999
2026-04-09,UAL,United Airlines,98.938,989.38
2026-04-09,MDLZ,Mondelez,98.286,982.86
2026-04-09,CRM,Salesforce,87.688,876.88
2026-04-09,QCOM,Qualcomm,104.604,1046.0400000000002
2026-04-10,PSA,Public Storage,102.502,1025.02
2026-04-10,UAL,United Airlines,98.99,989.9
2026-04-10,MDLZ,Mondelez,98.121,981.2099999999999
2026-04-10,CRM,Salesforce,87.524,875.24
2026-04-10,QCOM,Qualcomm,104.406,1044.06
2026-04-13,PSA,Public Storage,102.716,1027.1599999999999
2026-04-13,UAL,United Airlines,98.945,989.4499999999999
2026-04-13,MDLZ,Mondelez,98.429,984.29
2026-04-13,CRM,Salesforce,87.569,875.69
2026-04-13,QCOM,Qualcomm,104.666,1046.6599999999999
2026-04-14,PSA,Public Storage,103.066,1030.66
2026-04-14,UAL,United Airlines,98.916,989.16
2026-04-14,MDLZ,Mondelez,98.788,987.88
2026-04-14,CRM,Salesforce,87.732,877.3199999999999
2026-04-14,QCOM,Qualcomm,105.059,1050.59
2026-04-15,PSA,Public Storage,102.893,1028.9299999999998
2026-04-15,UAL,United Airlines,98.913,989.13
2026-04-15,MDLZ,Mondelez,98.621,986.2099999999999
2026-04-15,CRM,Salesforce,87.635,876.35
2026-04-15,QCOM,Qualcomm,104.9,1049.0000000000002
2026-04-16,PSA,Public Storage,102.65,1026.5
2026-04-16,UAL,United Airlines,98.655,986.5500000000001
2026-04-16,MDLZ,Mondelez,98.304,983.0400000000001
2026-04-16,CRM,Salesforce,87.581,875.81
2026-04-16,QCOM,Qualcomm,104.7,1047
2026-04-17,PSA,Public Storage,103.041,1030.41
2026-04-17,UAL,United Airlines,99.06,990.6
2026-04-17,MDLZ,Mondelez,98.707,987.0699999999999
2026-04-17,CRM,Salesforce,87.955,879.55
2026-04-17,QCOM,Qualcomm,105.081,1050.81
2026-04-20,PSA,Public Storage,102.955,1029.55
2026-04-20,UAL,United Airlines,98.895,988.95
2026-04-20,MDLZ,Mondelez,98.742,987.4200000000001
2026-04-20,CRM,Salesforce,87.88,878.8
2026-04-20,QCOM,Qualcomm,105.118,1051.18
2026-04-21,PSA,Public Storage,102.608,1026.0800000000002
2026-04-21,UAL,United Airlines,98.646,986.46
2026-04-21,MDLZ,Mondelez,98.359,983.5899999999999
2026-04-21,CRM,Salesforce,87.568,875.6800000000001
2026-04-21,QCOM,Qualcomm,104.696,1046.9599999999998
2026-04-22,PSA,Public Storage,102.711,1027.11
2026-04-22,UAL,United Airlines,98.853,988.5299999999999
2026-04-22,MDLZ,Mondelez,98.532,985.3199999999999
2026-04-22,CRM,Salesforce,87.627,876.27
2026-04-22,QCOM,Qualcomm,104.885,1048.8500000000001
2026-04-23,PSA,Public Storage,102.437,1024.37
2026-04-23,UAL,United Airlines,98.865,988.6499999999999
2026-04-23,MDLZ,Mondelez,98.325,983.2500000000001
2026-04-23,CRM,Salesforce,87.378,873.78
2026-04-23,QCOM,Qualcomm,104.686,1046.8600000000001
2026-04-24,PSA,Public Storage,102.647,1026.47
2026-04-24,UAL,United Airlines,98.739,987.39
2026-04-24,MDLZ,Mondelez,98.539,985.39
2026-04-24,CRM,Salesforce,87.576,875.76
2026-04-24,QCOM,Qualcomm,104.819,1048.19
2026-04-27,PSA,Public Storage,102.275,1022.75
2026-04-27,UAL,United Airlines,98.735,987.3499999999999
2026-04-27,MDLZ,Mondelez,98.271,982.7099999999999
2026-04-27,CRM,Salesforce,87.39,873.9
2026-04-27,QCOM,Qualcomm,104.571,1045.7099999999998
2026-04-28,PSA,Public Storage,102.156,1021.5600000000001
2026-04-28,UAL,United Airlines,98.667,986.6700000000001
2026-04-28,MDLZ,Mondelez,98.073,980.7299999999999
2026-04-28,CRM,Salesforce,87.273,872.73
2026-04-28,QCOM,Qualcomm,104.435,1044.3500000000001
2026-04-29,PSA,Public Storage,101.781,1017.8100000000001
2026-04-29,UAL,United Airlines,98.833,988.3299999999999
2026-04-29,MDLZ,Mondelez,97.775,977.75
2026-04-29,CRM,Salesforce,86.981,869.81
2026-04-29,QCOM,Qualcomm,104.124,1041.24
2026-04-30,PSA,Public Storage,101.833,1018.3299999999999
2026-04-30,UAL,United Airlines,98.713,987.13
2026-04-30,MDLZ,Mondelez,98.032,980.3199999999999
2026-04-30,CRM,Salesforce,87.184,871.8399999999999
2026-04-30,QCOM,Qualcomm,104.291,1042.91
2026-05-01,PSA,Public Storage,101.912,1019.12
2026-05-01,UAL,United Airlines,98.765,987.65
2026-05-01,MDLZ,Mondelez,98.116,981.1600000000001
2026-05-01,CRM,Salesforce,87.194,871.94
2026-05-01,QCOM,Qualcomm,104.342,1043.42
2026-05-04,PSA,Public Storage,101.567,1015.6699999999998
2026-05-04,UAL,United Airlines,98.639,986.39
2026-05-04,MDLZ,Mondelez,97.755,977.55
2026-05-04,CRM,Salesforce,87.007,870.07
2026-05-04,QCOM,Qualcomm,103.987,1039.87
2026-05-05,PSA,Public Storage,101.757,1017.57
2026-05-05,UAL,United Airlines,98.928,989.28
2026-05-05,MDLZ,Mondelez,98.026,980.2599999999999
2026-05-05,CRM,Salesforce,87.07,870.6999999999999
2026-05-05,QCOM,Qualcomm,104.165,1041.6499999999999
2026-05-06,PSA,Public Storage,102.192,1021.92
2026-05-06,UAL,United Airlines,98.937,989.37
2026-05-06,MDLZ,Mondelez,98.46,984.5999999999999
2026-05-06,CRM,Salesforce,87.395,873.95
2026-05-06,QCOM,Qualcomm,104.536,1045.3600000000001
2026-05-07,PSA,Public Storage,101.901,1019.01
2026-05-07,UAL,United Airlines,98.72,987.1999999999999
2026-05-07,MDLZ,Mondelez,98.101,981.01
2026-05-07,CRM,Salesforce,87.192,871.92
2026-05-07,QCOM,Qualcomm,104.223,1042.23
2026-05-08,PSA,Public Storage,102.121,1021.2099999999999
2026-05-08,UAL,United Airlines,98.742,987.4200000000001
2026-05-08,MDLZ,Mondelez,98.379,983.7900000000001
2026-05-08,CRM,Salesforce,87.32,873.1999999999999
2026-05-08,QCOM,Qualcomm,104.486,1044.8600000000001
2026-05-11,PSA,Public Storage,101.94,1019.4000000000001
2026-05-11,UAL,United Airlines,98.995,989.95
2026-05-11,MDLZ,Mondelez,98.218,982.1800000000001
2026-05-11,CRM,Salesforce,87.164,871.64
2026-05-11,QCOM,Qualcomm,104.35,1043.4999999999998
2026-05-12,PSA,Public Storage,101.55,1015.5000000000001
2026-05-12,UAL,United Airlines,98.525,985.2500000000001
2026-05-12,MDLZ,Mondelez,97.833,978.33
2026-05-12,CRM,Salesforce,86.921,869.21
2026-05-12,QCOM,Qualcomm,104,1040
2026-05-13,PSA,Public Storage,101.658,1016.58
2026-05-13,UAL,United Airlines,98.444,984.4399999999999
2026-05-13,MDLZ,Mondelez,97.902,979.02
2026-05-13,CRM,Salesforce,86.982,869.82
2026-05-13,QCOM,Qualcomm,104.009,1040.09
2026-05-14,PSA,Public Storage,101.695,1016.95
2026-05-14,UAL,United Airlines,98.437,984.37
2026-05-14,MDLZ,Mondelez,97.852,978.5200000000001
2026-05-14,CRM,Salesforce,86.923,869.23
2026-05-14,QCOM,Qualcomm,103.948,1039.48
2026-05-15,PSA,Public Storage,100.837,1008.37
2026-05-15,UAL,United Airlines,98.008,980.0799999999999
2026-05-15,MDLZ,Mondelez,97.108,971.08
2026-05-15,CRM,Salesforce,86.491,864.91
2026-05-15,QCOM,Qualcomm,103.278,1032.78
2026-05-18,PSA,Public Storage,100.871,1008.71
2026-05-18,UAL,United Airlines,97.963,979.6299999999999
2026-05-18,MDLZ,Mondelez,97.108,971.08
2026-05-18,CRM,Salesforce,86.538,865.3799999999999
2026-05-18,QCOM,Qualcomm,103.214,1032.14
2026-05-19,PSA,Public Storage,100.506,1005.0600000000001
2026-05-19,UAL,United Airlines,97.771,977.7099999999999
2026-05-19,MDLZ,Mondelez,96.65,966.5
2026-05-19,CRM,Salesforce,86.27,862.6999999999999
2026-05-19,QCOM,Qualcomm,102.856,1028.56
2026-05-20,PSA,Public Storage,101.045,1010.45
2026-05-20,UAL,United Airlines,98.017,980.17
2026-05-20,MDLZ,Mondelez,97.182,971.82
2026-05-20,CRM,Salesforce,86.695,866.9499999999999
2026-05-20,QCOM,Qualcomm,103.432,1034.3200000000002
2026-05-21,PSA,Public Storage,101.118,1011.18
2026-05-21,UAL,United Airlines,97.972,979.7199999999999
2026-05-21,MDLZ,Mondelez,97.276,972.76
2026-05-21,CRM,Salesforce,86.737,867.37
2026-05-21,QCOM,Qualcomm,103.489,1034.89
2026-05-22,PSA,Public Storage,101.201,1012.0099999999999
2026-05-22,UAL,United Airlines,98.015,980.15
2026-05-22,MDLZ,Mondelez,97.521,975.21
2026-05-22,CRM,Salesforce,86.759,867.5899999999999
2026-05-22,QCOM,Qualcomm,103.609,1036.09
2026-05-26,PSA,Public Storage,101.552,1015.52
2026-05-26,UAL,United Airlines,98.223,982.2299999999999
2026-05-26,MDLZ,Mondelez,97.812,978.12
2026-05-26,CRM,Salesforce,87.057,870.57
2026-05-26,QCOM,Qualcomm,104.06,1040.6
2026-05-27,PSA,Public Storage,101.57,1015.6999999999998
2026-05-27,UAL,United Airlines,98.274,982.74
2026-05-27,MDLZ,Mondelez,97.808,978.08
2026-05-27,CRM,Salesforce,87.073,870.7299999999999
2026-05-27,QCOM,Qualcomm,104.053,1040.53
2026-05-28,PSA,Public Storage,101.826,1018.26
2026-05-28,UAL,United Airlines,98.336,983.36
2026-05-28,MDLZ,Mondelez,98.033,980.33
2026-05-28,CRM,Salesforce,87.226,872.26
2026-05-28,QCOM,Qualcomm,104.258,1042.5800000000002
2026-05-29,PSA,Public Storage,101.865,1018.6500000000001
2026-05-29,UAL,United Airlines,98.633,986.3299999999999
2026-05-29,MDLZ,Mondelez,98.211,982.11
2026-05-29,CRM,Salesforce,87.431,874.31
2026-05-29,QCOM,Qualcomm,104.365,1043.6499999999999
2026-06-01,PSA,Public Storage,101.428,1014.2800000000001
2026-06-01,UAL,United Airlines,98.368,983.68
2026-06-01,MDLZ,Mondelez,98.064,980.64
2026-06-01,CRM,Salesforce,87.309,873.0899999999999
2026-06-01,QCOM,Qualcomm,104.187,1041.8700000000001
2026-06-02,PSA,Public Storage,101.293,1012.9300000000001
2026-06-02,UAL,United Airlines,98.252,982.52
2026-06-02,MDLZ,Mondelez,98.077,980.77
2026-06-02,CRM,Salesforce,87.337,873.37
2026-06-02,QCOM,Qualcomm,104.193,1041.93
2026-06-03,PSA,Public Storage,100.929,1009.29
2026-06-03,UAL,United Airlines,98.151,981.51
2026-06-03,MDLZ,Mondelez,97.808,978.08
2026-06-03,CRM,Salesforce,87.155,871.5500000000001
2026-06-03,QCOM,Qualcomm,103.937,1039.37
2026-06-04,PSA,Public Storage,101.209,1012.0899999999999
2026-06-04,UAL,United Airlines,98.436,984.3600000000001
2026-06-04,MDLZ,Mondelez,97.937,979.37
2026-06-04,CRM,Salesforce,87.186,871.8600000000001
2026-06-04,QCOM,Qualcomm,104.11,1041.1
2026-06-05,PSA,Public Storage,100.69,1006.8999999999999
2026-06-05,UAL,United Airlines,98.253,982.53
2026-06-05,MDLZ,Mondelez,97.318,973.18
2026-06-05,CRM,Salesforce,86.75,867.5
2026-06-05,QCOM,Qualcomm,103.568,1035.6799999999998
2026-06-08,PSA,Public Storage,100.768,1007.68
2026-06-08,UAL,United Airlines,98.218,982.1800000000001
2026-06-08,MDLZ,Mondelez,97.209,972.09
2026-06-08,CRM,Salesforce,86.745,867.45
2026-06-08,QCOM,Qualcomm,103.451,1034.51
2026-06-09,PSA,Public Storage,100.976,1009.76
2026-06-09,UAL,United Airlines,98.236,982.36
2026-06-09,MDLZ,Mondelez,97.451,974.51
2026-06-09,CRM,Salesforce,86.808,868.08
2026-06-09,QCOM,Qualcomm,103.6,1036
2026-06-10,PSA,Public Storage,100.87,1008.7000000000002
2026-06-10,UAL,United Airlines,98.148,981.4799999999999
2026-06-10,MDLZ,Mondelez,97.246,972.46
2026-06-10,CRM,Salesforce,86.751,867.51
2026-06-10,QCOM,Qualcomm,103.423,1034.23
2026-06-11,PSA,Public Storage,101.377,1013.7700000000001
2026-06-11,UAL,United Airlines,98.253,982.53
2026-06-11,MDLZ,Mondelez,97.937,979.37
2026-06-11,CRM,Salesforce,87.182,871.82
2026-06-11,QCOM,Qualcomm,103.95,1039.5
2026-06-12,PSA,Public Storage,101.355,1013.55
2026-06-12,UAL,United Airlines,98.436,984.3600000000001
2026-06-12,MDLZ,Mondelez,97.817,978.17
2026-06-12,CRM,Salesforce,87.115,871.15
2026-06-12,QCOM,Qualcomm,103.788,1037.8799999999999
2026-06-15,PSA,Public Storage,101.294,1012.9399999999999
2026-06-15,UAL,United Airlines,98.693,986.93
2026-06-15,MDLZ,Mondelez,97.884,978.84
2026-06-15,CRM,Salesforce,87.279,872.79
2026-06-15,QCOM,Qualcomm,103.885,1038.8500000000001
2026-06-16,PSA,Public Storage,101.4,1014
2026-06-16,UAL,United Airlines,98.756,987.56
2026-06-16,MDLZ,Mondelez,98.107,981.07
2026-06-16,CRM,Salesforce,87.397,873.97
2026-06-16,QCOM,Qualcomm,103.973,1039.73
2026-06-17,PSA,Public Storage,101.046,1010.4600000000002
2026-06-17,UAL,United Airlines,98.468,984.68
2026-06-17,MDLZ,Mondelez,97.683,976.83
2026-06-17,CRM,Salesforce,86.845,868.4499999999999
2026-06-17,QCOM,Qualcomm,103.55,1035.4999999999998
2026-06-18,PSA,Public Storage,101.198,1011.9799999999999
2026-06-18,UAL,United Airlines,98.466,984.66
2026-06-18,MDLZ,Mondelez,97.965,979.65
2026-06-18,CRM,Salesforce,87.007,870.07
2026-06-18,QCOM,Qualcomm,103.778,1037.7800000000002
2026-06-22,PSA,Public Storage,100.967,1009.6700000000001
2026-06-22,UAL,United Airlines,98.361,983.6100000000001
2026-06-22,MDLZ,Mondelez,97.621,976.2099999999999
2026-06-22,CRM,Salesforce,86.778,867.7800000000001
2026-06-22,QCOM,Qualcomm,103.424,1034.24
2026-06-23,PSA,Public Storage,101.121,1011.2099999999999
2026-06-23,UAL,United Airlines,98.337,983.3700000000001
2026-06-23,MDLZ,Mondelez,97.717,977.17
2026-06-23,CRM,Salesforce,86.885,868.85
2026-06-23,QCOM,Qualcomm,103.457,1034.57
2026-06-24,PSA,Public Storage,101.599,1015.9899999999999
2026-06-24,UAL,United Airlines,98.424,984.2400000000001
2026-06-24,MDLZ,Mondelez,98.33,983.3
2026-06-24,CRM,Salesforce,87.194,871.94
2026-06-24,QCOM,Qualcomm,103.901,1039.01
2026-06-25,PSA,Public Storage,101.596,1015.9599999999999
2026-06-25,UAL,United Airlines,98.536,985.36
2026-06-25,MDLZ,Mondelez,98.357,983.5699999999999
2026-06-25,CRM,Salesforce,87.263,872.63
2026-06-25,QCOM,Qualcomm,103.94,1039.3999999999999
2026-06-26,PSA,Public Storage,101.637,1016.37
2026-06-26,UAL,United Airlines,98.404,984.04
2026-06-26,MDLZ,Mondelez,98.515,985.15
2026-06-26,CRM,Salesforce,87.406,874.0600000000001
2026-06-26,QCOM,Qualcomm,103.972,1039.72
2026-06-29,PSA,Public Storage,101.667,1016.67
2026-06-29,UAL,United Airlines,98.366,983.66
2026-06-29,MDLZ,Mondelez,98.67,986.7
2026-06-29,CRM,Salesforce,87.37,873.7
2026-06-29,QCOM,Qualcomm,104.052,1040.5200000000002
2026-06-30,PSA,Public Storage,101.202,1012.0199999999999
2026-06-30,UAL,United Airlines,98.614,986.14
2026-06-30,MDLZ,Mondelez,98.188,981.88
2026-06-30,CRM,Salesforce,87.097,870.9699999999999
2026-06-30,QCOM,Qualcomm,103.548,1035.48
2026-07-01,PSA,Public Storage,101.04,1010.4
2026-07-01,UAL,United Airlines,98.607,986.07
2026-07-01,MDLZ,Mondelez,98.024,980.24
2026-07-01,CRM,Salesforce,87.033,870.33
2026-07-01,QCOM,Qualcomm,103.367,1033.67
2026-07-02,PSA,Public Storage,101.139,1011.39
2026-07-02,UAL,United Airlines,98.623,986.23
2026-07-02,MDLZ,Mondelez,97.971,979.71
2026-07-02,CRM,Salesforce,87.165,871.6500000000001
2026-07-02,QCOM,Qualcomm,103.451,1034.51
2026-07-06,PSA,Public Storage,101.228,1012.2799999999999
2026-07-06,UAL,United Airlines,98.704,987.04
2026-07-06,MDLZ,Mondelez,98.009,980.09
2026-07-06,CRM,Salesforce,87.242,872.4200000000001
2026-07-06,QCOM,Qualcomm,103.503,1035.03
2026-07-07,PSA,Public Storage,100.748,1007.4800000000001
2026-07-07,UAL,United Airlines,98.6,986
2026-07-07,MDLZ,Mondelez,97.458,974.58
2026-07-07,CRM,Salesforce,86.93,869.3000000000001
2026-07-07,QCOM,Qualcomm,102.953,1029.53
2026-07-08,PSA,Public Storage,100.564,1005.6399999999999
2026-07-08,UAL,United Airlines,98.409,984.09
2026-07-08,MDLZ,Mondelez,97.298,972.98
2026-07-08,CRM,Salesforce,86.779,867.79
2026-07-08,QCOM,Qualcomm,102.982,1029.82
2026-07-09,PSA,Public Storage,100.694,1006.9399999999999
2026-07-09,UAL,United Airlines,98.447,984.47
2026-07-09,MDLZ,Mondelez,97.445,974.4499999999999
2026-07-09,CRM,Salesforce,86.709,867.09
2026-07-09,QCOM,Qualcomm,103.077,1030.77
2026-07-10,PSA,Public Storage,100.636,1006.3599999999999
2026-07-10,UAL,United Airlines,98.402,984.02
2026-07-10,MDLZ,Mondelez,97.204,972.03999999999985
2026-07-10,CRM,Salesforce,86.654,866.54
2026-07-10,QCOM,Qualcomm,102.988,1029.8799999999999
2026-07-13,PSA,Public Storage,100.143,1001.4300000000001
2026-07-13,UAL,United Airlines,98.134,981.34
2026-07-13,MDLZ,Mondelez,96.882,968.82
2026-07-13,CRM,Salesforce,86.342,863.42
2026-07-13,QCOM,Qualcomm,102.52,1025.1999999999998
2026-07-14,PSA,Public Storage,100.339,1003.39
2026-07-14,UAL,United Airlines,98.175,981.75
2026-07-14,MDLZ,Mondelez,96.992,969.92
2026-07-14,CRM,Salesforce,86.52,865.1999999999999
2026-07-14,QCOM,Qualcomm,102.754,1027.5400000000002
2026-07-15,PSA,Public Storage,100.39,1003.9
2026-07-15,UAL,United Airlines,98.245,982.45
2026-07-15,MDLZ,Mondelez,97.303,973.03
2026-07-15,CRM,Salesforce,86.506,865.0600000000001
2026-07-15,QCOM,Qualcomm,102.978,1029.78
2026-07-16,PSA,Public Storage,100.396,1003.9599999999999
2026-07-16,UAL,United Airlines,98.262,982.62
2026-07-16,MDLZ,Mondelez,97.358,973.58
2026-07-16,CRM,Salesforce,86.71,867.1
2026-07-16,QCOM,Qualcomm,102.961,1029.61
2026-07-17,PSA,Public Storage,100.372,1003.7199999999999
2026-07-17,UAL,United Airlines,98.217,982.17
2026-07-17,MDLZ,Mondelez,97.359,973.5899999999999
2026-07-17,CRM,Salesforce,86.712,867.12
2026-07-17,QCOM,Qualcomm,102.929,1029.29
2026-07-20,PSA,Public Storage,100.146,1001.46
2026-07-20,UAL,United Airlines,98.207,982.0699999999999
2026-07-20,MDLZ,Mondelez,97.066,970.6600000000001
2026-07-20,CRM,Salesforce,86.566,865.66
2026-07-20,QCOM,Qualcomm,102.763,1027.63
2026-07-21,PSA,Public Storage,99.982,999.82
2026-07-21,UAL,United Airlines,98.145,981.4499999999999
2026-07-21,MDLZ,Mondelez,96.8,968
2026-07-21,CRM,Salesforce,86.388,863.8800000000001
2026-07-21,QCOM,Qualcomm,102.563,1025.63
2026-07-22,PSA,Public Storage,99.788,997.88
2026-07-22,UAL,United Airlines,98.131,981.3100000000001
2026-07-22,MDLZ,Mondelez,96.604,966.04
2026-07-22,CRM,Salesforce,86.234,862.34
2026-07-22,QCOM,Qualcomm,102.347,1023.4699999999999
2026-07-23,PSA,Public Storage,99.559,995.5899999999999
2026-07-23,UAL,United Airlines,98.004,980.0400000000001
2026-07-23,MDLZ,Mondelez,96.258,962.58
2026-07-23,CRM,Salesforce,86.035,860.3499999999999
2026-07-23,QCOM,Qualcomm,101.972,1019.7199999999999
2026-07-24,PSA,Public Storage,99.659,996.59
2026-07-24,UAL,United Airlines,97.919,979.19
2026-07-24,MDLZ,Mondelez,96.358,963.58
2026-07-24,CRM,Salesforce,86.073,860.7299999999999
2026-07-24,QCOM,Qualcomm,102.017,1020.1700000000001
2026-07-27,PSA,Public Storage,99.875,998.75
2026-07-27,UAL,United Airlines,98.148,981.4799999999999
2026-07-27,MDLZ,Mondelez,96.593,965.9300000000001
2026-07-27,CRM,Salesforce,86.184,861.8399999999999
2026-07-27,QCOM,Qualcomm,102.138,1021.38
2026-07-28,PSA,Public Storage,100.11,1001.1000000000001
2026-07-28,UAL,United Airlines,98.37,983.7
2026-07-28,MDLZ,Mondelez,96.84,968.4000000000001
2026-07-28,CRM,Salesforce,86.454,864.54
2026-07-28,QCOM,Qualcomm,102.311,1023.11
2026-07-29,PSA,Public Storage,99.643,996.4300000000001
2026-07-29,UAL,United Airlines,98.369,983.6899999999999
2026-07-29,MDLZ,Mondelez,96.39,963.9
2026-07-29,CRM,Salesforce,86.139,861.39
2026-07-29,QCOM,Qualcomm,101.865,1018.6500000000001
2026-07-30,PSA,Public Storage,99.816,998.1600000000001
2026-07-30,UAL,United Airlines,98.369,983.6899999999999
2026-07-30,MDLZ,Mondelez,96.64,966.4000000000001
2026-07-30,CRM,Salesforce,86.325,863.2500000000001
2026-07-30,QCOM,Qualcomm,101.937,1019.3699999999999
2026-07-31,PSA,Public Storage,99.585,995.8499999999999
2026-07-31,UAL,United Airlines,98.269,982.69
2026-07-31,MDLZ,Mondelez,96.333,963.33
2026-07-31,CRM,Salesforce,86.207,862.0699999999999
2026-07-31,QCOM,Qualcomm,101.696,1016.96
2026-08-03,PSA,Public Storage,99.788,997.88
2026-08-03,UAL,United Airlines,98.401,984.01
2026-08-03,MDLZ,Mondelez,96.535,965.3499999999999
2026-08-03,CRM,Salesforce,86.509,865.09
2026-08-03,QCOM,Qualcomm,101.885,1018.85
2026-08-04,PSA,Public Storage,100.241,1002.41
2026-08-04,UAL,United Airlines,98.395,983.95
2026-08-04,MDLZ,Mondelez,97.006,970.0600000000001
2026-08-04,CRM,Salesforce,86.866,868.66
2026-08-04,QCOM,Qualcomm,102.334,1023.3400000000001
2026-08-05,PSA,Public Storage,100.264,1002.64
2026-08-05,UAL,United Airlines,98.55,985.4999999999999
2026-08-05,MDLZ,Mondelez,97.116,971.16
2026-08-05,CRM,Salesforce,86.84,868.4000000000001
2026-08-05,QCOM,Qualcomm,102.354,1023.5399999999998
2026-08-06,PSA,Public Storage,99.923,999.23
2026-08-06,UAL,United Airlines,98.391,983.9100000000001
2026-08-06,MDLZ,Mondelez,96.721,967.21
2026-08-06,CRM,Salesforce,86.578,865.78
2026-08-06,QCOM,Qualcomm,102.002,1020.02
2026-08-07,PSA,Public Storage,100.067,1000.67
2026-08-07,UAL,United Airlines,98.436,984.3600000000001
2026-08-07,MDLZ,Mondelez,96.898,968.9799999999999
2026-08-07,CRM,Salesforce,86.758,867.5799999999999
2026-08-07,QCOM,Qualcomm,102.182,1021.8199999999999
2026-08-10,PSA,Public Storage,99.696,996.9599999999999
2026-08-10,UAL,United Airlines,98.362,983.6199999999999
2026-08-10,MDLZ,Mondelez,96.437,964.37
2026-08-10,CRM,Salesforce,86.488,864.88
2026-08-10,QCOM,Qualcomm,101.763,1017.63
2026-08-11,PSA,Public Storage,99.74,997.4
2026-08-11,UAL,United Airlines,98.375,983.75
2026-08-11,MDLZ,Mondelez,96.442,964.42
2026-08-11,CRM,Salesforce,86.467,864.67
2026-08-11,QCOM,Qualcomm,101.865,1018.6500000000001
2026-08-12,PSA,Public Storage,99.801,998.0100000000001
2026-08-12,UAL,United Airlines,98.306,983.06
2026-08-12,MDLZ,Mondelez,96.505,965.05
2026-08-12,CRM,Salesforce,86.527,865.27
2026-08-12,QCOM,Qualcomm,101.982,1019.8199999999999
2026-08-13,PSA,Public Storage,100.179,1001.79
2026-08-13,UAL,United Airlines,98.496,984.9599999999999
2026-08-13,MDLZ,Mondelez,96.839,968.39
2026-08-13,CRM,Salesforce,86.958,869.58
2026-08-13,QCOM,Qualcomm,102.269,1022.69
2026-08-14,PSA,Public Storage,99.769,997.69
2026-08-14,UAL,United Airlines,98.471,984.71
2026-08-14,MDLZ,Mondelez,96.313,963.13
2026-08-14,CRM,Salesforce,86.772,867.72
2026-08-14,QCOM,Qualcomm,101.995,1019.9500000000002
2026-08-17,PSA,Public Storage,99.505,995.05
2026-08-17,UAL,United Airlines,98.481,984.81
2026-08-17,MDLZ,Mondelez,96.089,960.89
2026-08-17,CRM,Salesforce,86.615,866.15
2026-08-17,QCOM,Qualcomm,101.813,1018.13
2026-08-18,PSA,Public Storage,99.475,994.7499999999999
2026-08-18,UAL,United Airlines,98.411,984.11
2026-08-18,MDLZ,Mondelez,96.003,960.0300000000001
2026-08-18,CRM,Salesforce,86.627,866.27
2026-08-18,QCOM,Qualcomm,101.738,1017.38
2026-08-19,PSA,Public Storage,99.954,999.54
2026-08-19,UAL,United Airlines,98.437,984.37
2026-08-19,MDLZ,Mondelez,96.491,964.9100000000001
2026-08-19,CRM,Salesforce,86.71,867.1
2026-08-19,QCOM,Qualcomm,102.183,1021.83
2026-08-20,PSA,Public Storage,99.54,995.4000000000001
2026-08-20,UAL,United Airlines,98.135,981.35
2026-08-20,MDLZ,Mondelez,96.073,960.73
2026-08-20,CRM,Salesforce,86.533,865.33
2026-08-20,QCOM,Qualcomm,101.802,1018.0200000000001
2026-08-21,PSA,Public Storage,99.441,994.41
2026-08-21,UAL,United Airlines,98.31,983.1
2026-08-21,MDLZ,Mondelez,96.181,961.81
2026-08-21,CRM,Salesforce,86.476,864.76
2026-08-21,QCOM,Qualcomm,101.185,1011.8499999999999
2026-08-24,PSA,Public Storage,99.579,995.79
2026-08-24,UAL,United Airlines,98.476,984.76
2026-08-24,MDLZ,Mondelez,96.257,962.57
2026-08-24,CRM,Salesforce,86.494,864.94
2026-08-24,QCOM,Qualcomm,101.34,1013.4000000000001
2026-08-25,PSA,Public Storage,100.043,1000.4300000000002
2026-08-25,UAL,United Airlines,98.481,984.81
2026-08-25,MDLZ,Mondelez,96.755,967.55
2026-08-25,CRM,Salesforce,86.8,868
2026-08-25,QCOM,Qualcomm,102.142,1021.42
2026-08-26,PSA,Public Storage,99.924,999.24
2026-08-26,UAL,United Airlines,98.488,984.88
2026-08-26,MDLZ,Mondelez,96.634,966.34
2026-08-26,CRM,Salesforce,86.681,866.81
2026-08-26,QCOM,Qualcomm,102.074,1020.74
2026-08-27,PSA,Public Storage,99.813,998.1300000000001
2026-08-27,UAL,United Airlines,98.55,985.4999999999999
2026-08-27,MDLZ,Mondelez,96.576,965.76
2026-08-27,CRM,Salesforce,86.716,867.16
2026-08-27,QCOM,Qualcomm,102.04,1020.4
2026-08-28,PSA,Public Storage,99.41,994.1
2026-08-28,UAL,United Airlines,98.443,984.4300000000001
2026-08-28,MDLZ,Mondelez,96.222,962.2199999999999
2026-08-28,CRM,Salesforce,86.509,865.09
2026-08-28,QCOM,Qualcomm,101.727,1017.2700000000001
2026-08-31,PSA,Public Storage,99.346,993.46
2026-08-31,UAL,United Airlines,98.461,984.61
2026-08-31,MDLZ,Mondelez,95.988,959.88
2026-08-31,CRM,Salesforce,86.46,864.5999999999999
2026-08-31,QCOM,Qualcomm,101.647,1016.47
